,产品
0,海滨市场
1,苏二村
2,显臣中学
3,下川岛
4,茂名纪念公园
5,马丽小学
6,汉长城
7,大陂村释迦园
8,潘州公园
9,天龙顶国家山地公园
10,凌霄岩风景区
11,元晟坊蛋糕（南香公园店）
12,茂名浪漫海岸
13,湾舟岛
14,59国道
15,国经济林协会
16,崆峒岩景区
17,茂名电白童子
18,迪士尼
19,南京二间
20,蝴蝶谷玻璃桥
21,大雄宝殿
22,沉香山集团
23,原油地码头
24,秀英码头
25,湛江海湾
26,洪国皇宫
27,大隆服务区
28,农业部
29,欢乐世界
30,南昌街
31,"关车
同站换"
32,沉香宾馆
33,"
南盛街"
34,⑥浪漫海岸度假区
35,仙人洞自然风景区
36,国际会议中心
37,茂名文化传媒集团
38,电白郡
39,文化广场
40,蒋光鼐
41,鼎龙湾酒店
42,茂名文华酒店
43,茂名碧桂园
44,放鸡岛海洋公园酒店
45,天门滑道玻璃吊桥
46,池垌站
47,雷达站
48,丽呈品牌
49,晏镜岭童
50,大湾区
51,海战区
52,布吉河
53,开春高速
54,菲尔德斯半岛
55,禧荟城
56,茂名报社
57,东湾新城建设管理委员会
58,夫人庙
59,"瀑布
玻璃景观平台"
60,高州长坡旧城
61,东阳街
62,广东高州师范89届体育班
63,沙扒湾
64,文化站
65,广佛高速
66,潘仙祠
67,清州岛
68,洛湛铁路
69,"小东江垂钓
高山社区"
70,水中东湾
71,南极半岛
72,企鹅馆
73,观海楼酒店
74,"寻古
鳌头镇"
75,高州总会
76,"凤凰园
"
77,童子湾风景区
78,茂名启德文化公司
79,茂名公交
80,自力村
81,信宜丽晶酒店
82,慈愍祖师
83,雅星镇八一迎宾馆
84,莲花湖温德姆酒店
85,白沙滩
86,大洪国王宫
87,电海街道
88,御水古温泉
89,"太平境
"
90,笔架山公园
91,华南农业大学
92,火山湖
93,鲜饮时光（高州店）
94,广东版布达佩斯大饭店
95,六角连亭
96,文昌月
97,②水东湾跨海大桥
98,小和寿司（光明路店）
99,政治中心
100,"广东君元沉香山酒业有限公司
"
101,甲门峡漂流
102,俄贤岭
103,观海楼假日酒店
104,浮山岭旅游风景区
105,探胜岛
106,阳光大沙滩
107,八仙道观
108,IU酒店(信宜中兴六路店)
109,海景明珠商住楼南面
110,化州桔龙商务酒店
111,南海舰队
112,大门口镇楼
113,→金沙湾观海长廊→
114,盐田肠
115,普吉岛
116,马头岭
117,御水谷
118,江湛铁路
119,浪漫海岸温德姆酒店水上乐园
120,文光塔
121,携程网
122,骑楼街
123,七星瓢虫亭
124,茂名露天矿生态公园
125,南极大陆
126,雪世界
127,齐刘海
128,茂名御水古温泉度假酒店
129,浪漫海岸的酒店
130,海味街
131,碧桂园城市花园
132,茂名大道
133,诗歌教堂
134,冼夫人纪念馆
135,响水潭
136,苍南海
137,清州岛浴场
138,窦州古城牌坊
139,"千里眼镜
东桥相馆"
140,广州碧桂园
141,玻璃栈道
142,数亚庇环滩岛
143,西北角
144,喜来登酒店
145,海淀路
146,同心池
147,四川建川博物馆
148,信宜市委
149,中国长城站
150,茂名放鸡岛
151,县委招待所
152,神仙酒店
153,天马山生态旅游景区
154,万豪国际集团
155,台山黑沙湾
156,花园酒店
157,达佩斯大饭店
158,双山二路
159,莲花湖景区
160,大成镇至山顶公路
161,鑫源酒店
162,达慕会场
163,岛南海湾花园
164,马踏镇
165,香格里拉
166,人民政府
167,西海岸
168,环城东路
169,中山大学
170,电车路
171,广东省食品药品监督局
172,仙人洞景区
173,汕尾红海湾
174,广东省农民协会南路
175,灵王崇拜
176,大车坡
177,镇隆镇中心小学
178,海湾大桥
179,南中国海
180,德雷克海峡
181,电白第一中学
182,湿地公园
183,高州三塔
184,霞山观海长
185,万达广场
186,"石敢当
村庙"
187,东极正堂
188,宴镜岭
189,御水古温泉酒店
190,第一滩公交站
191,珠江台
192,中国林业科学研究院
193,湛江博物馆
194,黄金海
195,苗寨客栈
196,亚婆角
197,信宜山路
198,大树岛
199,火山岛
200,五马归槽
201,鳌头古粥店
202,国大草原
203,合和大道
204,新华书店
205,书法广场
206,顺德清晖园
207,满酱（东湖店）
208,港堡汉堡（双山四路店）
209,"温德姆酒店
"
210,杰克船长
211,涌东路
212,海上墟
213,仙女瀑
214,汕湛高速
215,珍珠湾
216,龙眼庄园
217,湖光岩
218,开平碉楼
219,鼎悦公寓
220,露天矿采矿厂
221,藍海岸
222,广东粤运朗
223,徒步尼尔森岛
224,望海餐厅
225,深圳卫视播放报道
226,麦壳西点（开发区店）
227,十里銀
228,吴阳霞街
229,茂名森林公园
230,练武场
231,御水古温泉旅游度假区
232,"君元沉香山(茂名)佛光生态旅游有限公司
公司"
233,玉湖风景区瞭望
234,大仁山
235,出长坡库区
236,潜梦岛海洋王国酒店
237,茂名博物馆
238,"海陵岛
"
239,温泉度假村
240,儿童乐园
241,江陵岛
242,茂名国旅
243,电白公交
244,高州市宝光塔
245,电白区海湾二路
246,黄氏花园
247,广西北流
248,水东西湖
249,霞海路
250,郊北界
251,断碑亭
252,华海酒店
253,信宜城南汽车站
254,乐满天中餐厅
255,人工湖
256,鳌头古道
257,CEO
258,北洛秘境
259,陈村海鲜城
260,中央冲浪区一个胖子
261,广东桥梁博物馆
262,保利·南海１号展览馆
263,尼康D
264,信宜酒店
265,观山寺群
266,八坊村
267,周坑村
268,冼太庙
269,石花水洞
270,深圳北站
271,水东红树林景区
272,霞山水产品批发市场
273,"御水古温泉
御水古温泉"
274,茂名海云雁酒店
275,"金科伟业
葵园村"
276,Portalpiont
277,电白同乡论坛网
278,南海神庙
279,中国大陆
280,观山牌坊
281,茂名公共交通总公司
282,岗坡渡槽
283,对海滩
284,茂名好来登商务酒店
285,茂名电白
286,茂名二间
287,华南地区
288,滨海绿城
289,茂名柏丽酒店
290,高州城
291,交通部
292,霞山区政府
293,百瀑梯
294,深圳北
295,官山路
296,粥霸一方
297,网红桥
298,大成殿
299,望海草坪
300,雨公道院
301,好心湖畔民宿
302,江城区
303,莲花湖庄园景区
304,站南路
305,三官山
306,北排森林公园
307,益嘉饭店
308,"茂名
浪漫海岸温德姆酒店"
309,深圳东站
310,鳌头镇
311,茶亭石林瀑布
312,茂名沙滩
313,大雾岭景区
314,上海市政府
315,风暴中心
316,宝光公园
317,高州路
318,夜宿维也纳酒店
319,茂名君悦商务酒店人民大道店
320,金月楼
321,文冲社区
322,旺角亭（为民店）
323,屋小院缘茗轩随心所院乙
324,东方市区
325,佛山祖庙
326,益禾堂幸福店
327,松林别墅
328,果之度（迎宾三路店）
329,茂名中国第一
330,雷州雷祖祠
331,南盛山合【
332,信宜市文化广电旅游体育局
333,茂名体育馆
334,绿杨曹江蛋鸡场
335,电白博物馆
336,云开山
337,碧珠宾馆
338,国家建设部
339,月牙湾
340,高州简尚精品酒店
341,"湛江
赤坎民国风情街"
342,菠萝公园
343,景区售票处
344,茂德公大观园
345,半壁江山
346,高州水库
347,"上海
尚宫
蒸禾号
小焱馆"
348,S283省道
349,阳春东湖公园
350,明星宾馆
351,公安局
352,荷花镇
353,喜相逢渝洲川菜酒楼（东方大道店）
354,冼太夫人故里文化旅游区
355,阳西咸水矿温泉度
356,高州革命烈士陵园
357,东北部
358,革命历史博物馆
359,南宫庵
360,湛汕高速
361,中国大陆南极村
362,茂名君怡酒店
363,地双山岛
364,石狗岭
365,"高州
第二"
366,全国政协
367,竹海大观
368,中国共产党
369,茂名西站
370,轻住悦享酒店(茂名高铁南站店)
371,高州贡园
372,旺同竹海叹氧
373,潮州风吹岭石刻群
374,南极长城站
375,镇隆小学
376,油城四路
377,长隆海洋王国
378,茂名市文化广电旅游体育局
379,年鼎龙集团
380,"牙象木头塘村
牙象大地艺术公园"
381,如家酒店·neo(茂名人民路步行街中心店)
382,文武庙
383,"贡园
"
384,鉴江民俗文化馆
385,丽枫酒店
386,南门大桥
387,"华美医院
油城"
388,潘茂名纪念馆
389,露天矿景区
390,冼太广场
391,官渡五路
392,深圳海
393,"鸿大粤威
永久桥"
394,东方乐园
395,东南亚式
396,观山寺
397,茂名架海灯塔
398,高凉鼓韵
399,逸景酒店
400,闸坡国家级中心渔港
401,忠良古街
402,旺禄农家乐
403,水东镇东郊
404,茂名市便捷酒店(高铁火车站店)
405,"老年大学
"
406,JalanTunH.
407,玉湖风景区
408,茂名市广播电视台
409,高地街道
410,龙王殿
411,旅游区
412,化州桐趣电影游戏主题酒店
413,相聚时光（化州店）
414,海滨宾馆
415,温德姆酒店水上乐园
416,潘州中学
417,厦鼓码头
418,西城片区
419,南华旅店
420,南方医科大学
421,洛湛铁路信宜段
422,梦田煎蛋
423,湖光岩景区
424,东汇城
425,牙象村委会
426,棂星门
427,茶自点（文光店）
428,高凉郡太夫人
429,城市便捷酒店(茂名滨海新区电城店)
430,观山寺i
431,东南部
432,珠海高铁站
433,双山田村
434,"红荔阁
"
435,"陈罗庙
陈罗古"
436,广深铁路
437,西桂东
438,水东海堤
439,北戴河
440,蒙政会
441,牙象大地
442,大草原
443,新湖路
444,中坳风力发电厂
445,天王殿
446,南海一号博物馆
447,高州仙人洞自然风景区露营点
448,游晏镜岭
449,石岩飞泉
450,中汇尚街
451,东镇街道
452,温德姆浪漫海岸酒店
453,高州市政府
454,东洋财团
455,放鸡岛广告牌
456,开平哲记柴火粥
457,珠江啤酒
458,海岛壹号公寓
459,嘉嘉乐海鲜餐厅
460,好心湖环湖路
461,茂名西湖
462,冯公祠
463,"百灵庙
广福"
464,绿荫路85号
465,电城庄山
466,湛江博物馆二
467,茂名诚荟酒店
468,茂名电信网络二支部
469,天马山顶
470,解放路
471,茂名鑫都宾馆
472,清晖园
473,知了书院
474,金桥公园
475,"谷源酒业
亨城酒坊"
476,大田顶
477,悦创小鹅鹅桂林米粉（双山一路店）
478,昭忠祠
479,御海公寓酒店
480,湖光岩风景区
481,双渚渔歌萦古寺
482,设莲花湖温德姆酒店
483,佛山梁园
484,十里銀灘
485,镇政府
486,都温泉风景区
487,露天矿生态公园大门
488,维纳斯皇家温泉（广东阳西店）
489,广东省制药工业公司销售中心
490,"天一国际大
茂名"
491,"凉亭
浮山岭旅游风景区"
492,敦煌公益
493,僧帽峰
494,博贺镇
495,阳西服务区
496,粤龙山
497,渔业机修厂
498,魔鬼德雷克海峡
499,君元沉香宾馆
500,广东省航运厅
501,观音殿
502,水东湾跨海大桥
503,牛马神石
504,茂南德育学校
505,西樵山
506,海滨大道
507,罗江两江流域
508,湛江徐闻港码头
509,中共中央委员会
510,北广场
511,雷州古城
512,袂花中学
513,油城四
514,大仁庙
515,岭南地区
516,熹龙轩
517,行者无疆人民公社
518,宋康大道
519,精途酒店(茂名高铁火车站店)
520,"太夫人故里文化旅游区
"
521,双子岛
522,湛江徐闻港口码头酒店
523,硇洲岛码头
524,东门遗址
525,仁山山路
526,南极长城科考站
527,茂名市人民政府
528,高山草场
529,灯光长廊
530,"天台诱惑
市体育馆"
531,美豪酒店
532,老干部活动中心
533,冼太夫人庙
534,尾角灯塔
535,硵洲岛
536,宜天马山
537,马蹄岭
538,体育中心
539,环湖公园
540,粤西桂东地区
541,海南沿海
542,高州顺得商务酒店
543,哈啰景区
544,月亮湾滨海度假区
545,南三联岛
546,熹龙大酒店
547,茂名栈泉酒店
548,信宜天鹅湖宾馆
549,①电白汽车客运站
550,高明区
551,八仙亭
552,高州南塘
553,渔政码头
554,博贺深水港
555,浮山岭风景区
556,环市南路
557,玉皇顶
558,水晶十字架
559,市体育中心
560,"大白
路"
561,明珠码头
562,马贵镇
563,电白一中
564,大草原山脚
565,鸿百年酒店
566,龙凤厅
567,魅力中国城
568,西南端
569,云岫山
570,国营大雾岭林场
571,真温泉
572,灵王邦主庙
573,孵化园
574,荔枝木烧窑
575,茂名红金鼎商务宾馆
576,国家十二部委
577,广州火车站
578,如家酒店·neo(茂名高铁火车站店)
579,南极科
580,东洋大财团
581,沿江路店
582,大温泉酒店
583,信宜镇隆古城
584,中山城
585,"高州
"
586,博贺港湾
587,温德姆至尊酒店
588,湛江海滨公园
589,"上宾塘知了书院
"
590,粤西地区
591,粤西山村
592,灵王庙
593,太平洋
594,南宫岭
595,瑞鑫酒店
596,大王庙
597,塘下村
598,水东滨海
599,木头塘站
600,城东解放街
601,南路地区
602,南华路
603,开平潭江半岛酒店
604,贵族自助牛排餐厅（华侨城店）
605,三进大礼堂
606,寸金桥公园
607,岭南通
608,西江机场
609,敏捷黄金海岸
610,文化馆
611,沿海高速
612,东中路
613,阳江市政府
614,迁谷农庄
615,明湖超市
616,剑桥大学
617,茂名红天旅馆
618,驰名湘菜馆
619,雀花舞台
620,"浪漫海岸温德姆酒店水上乐园
浪漫海岸温德姆酒店水上乐园"
621,窦州温泉
622,人民北路
623,潜梦岛海洋王国
624,广东休闲度假好去处
625,联合国
626,茂名永利之家
627,放鸡岛海洋公园
628,浪漫海岸度假村
629,长岗坡渡槽
630,"露天矿生态公园
"
631,清香面包店（车田街店）
632,幸福摩天
633,中国南极长城站
634,中国青少年儿童食品安全科技示范基地
635,树林公园
636,海洋公园
637,"环好心湖田园综合体
"
638,顺德校区
639,茂名广播电视大学
640,柏高酒店(茂名高铁站店)
641,中山大学五山新校舍
642,280省道
643,中国联通
644,金鳌剧苑
645,香港电车
646,魁星阁
647,电白沉香文化博物馆
648,云雾山
649,大连中药厂
650,金沙湾观海长廊
651,跨海桥长
652,无蚊村
653,冲天香鸭粥店（光华北店）
654,瀛州公园
655,阳江高铁
656,水世界
657,电白电城冼
658,仙人洞口打卡
659,古丁镇
660,王占鳌广场
661,江门市崖门
662,国家荔枝龙眼产业技术体系
663,新安水果文化旅游节
664,优乐堡（开发区店）
665,湛江机场
666,旺远农庄
667,M015号别墅
668,沿江西路
669,八坊温泉
670,露天矿生态公园
671,遂溪孔子文化城
672,熊猫馆
673,露天矿
674,高州骑楼
675,地菠萝公园
676,闸坡海味街
677,山顶水库
678,芝蔼村
679,野生动物世界
680,广福寺
681,益禾堂
682,岭南文化
683,国家食品药品监督管理局
684,鳄天下
685,健身广场
686,南塘村委
687,粤西桂东
688,新疆建设兵团
689,一夜埕海味干货街
690,中澳友谊花园
691,服务区
692,占鳌广场
693,大仁山道教主体建筑
694,凤凰山
695,轮船餐厅
696,南华广场站
697,电白区府
698,小溪瀑布
699,雞冠石
700,幸福路
701,八仙观三清殿
702,君海酒店
703,长隆旅游度假区
704,文武帝
705,雅米乐园
706,严家祠冼
707,"高州
观山牌坊"
708,金沙湾海滨浴场
709,仙水岩升
710,【玉溪三洞风景区
711,益华大酒店
712,莲花湖
713,晏镜岭童子湾
714,电白沙琅江
715,功夫鸡排（光华北路店）
716,木栈道湿地公园
717,耀新村
718,大角湾
719,水东镇郊盐灶村
720,茂名御景国际大酒店
721,旺同竹林
722,茂名市委
723,长城站
724,考拉馆夜宿
725,古洞三塔厅
726,浪漫海岸的温德姆酒店
727,好心湖畔田园综合体规划
728,南极站
729,政治、经济、文化中心
730,国家民委
731,罗定风车山
732,渔港公园
733,兴记鸭粥店。
734,番禺馀荫山房
735,皇仁书院
736,禾雀花观赏区
737,儿童戏水池
738,假山瀑
739,浪漫海岸旅游度假区
740,兄弟别墅
741,1佛山
742,闸坡大
743,水古温泉
744,潜梦岛
745,水东兴记鸭粥
746,天涯海角
747,赵帅府庙
748,海底餐厅
749,广铁集团
750,荔枝柴土窑
751,云茂高速
752,潘仙殿
753,地质公园
754,海鲜饮食城
755,乐天温泉
756,月亮湾
757,龟心园
758,台楼阁
759,茂名露天矿公园
760,红旗示范街
761,安全岛
762,客服中心
763,海上导航灯塔
764,家宴大排档
765,放鸡岛
766,悦城龙母庙
767,水东湾红树林
768,海上运动区
769,天际泳池
770,嘉禾望岗站
771,文昌宫
772,→红花村公交
773,菠萝的海和
774,翰林院
775,信宜大
776,盐坨码头
777,伶仃岛
778,鼎信茶酒店
779,银滩风景区
780,君豪露营基地
781,守晏镜岭
782,丽呈酒店
783,腾龙瀑
784,广东海滩
785,卓越酒店(茂名万达广场店)
786,监督管理局
787,南国万亩大草原
788,古城田艾
789,海边公寓
790,大雄宝殿广场
791,太夫人纪念广场
792,露天矿遗址
793,石螺口
794,茂名第一海滩
795,茂名国家热带农业公园
796,东北姐妹饺子店
797,后山停车场
798,三角墟
799,電白區
800,融创雪世界
801,白龙温泉
802,东阳南街
803,爵士厚牛排自助餐馆（汇丰店）
804,"高州乐天温泉度假村
乐天温泉度假村"
805,火山口湖
806,白鹿洞书院
807,粤西南地区
808,茂名篮协
809,虎头山旅游区
810,雅居乐乐活
811,龙虎山
812,阳江海陵岛
813,南盛街
814,海豚酒店
815,G1路城际公交车
816,黑马国际俱乐部
817,赤坎头村
818,茂名市书画院
819,"茂名雅米游乐园
"
820,厦门大学
821,广技师白云校区
822,罗坑水库
823,西江温泉度
824,彩虹桥
825,地母元君殿
826,天地会
827,大雾岭自然保护区
828,开阳高速
829,水上乐园
830,开心农场
831,中国南极泰山站
832,茂名县志
833,龙山尖岗管理区
834,水东湾红树林湿地
835,瞭望塔
836,游客服务中心
837,茂名市人民北路
838,建成区
839,胡桃里
840,袂花江
841,恒大宾馆
842,茂名大龙湾酒店
843,海陵岛
844,红荔阁
845,荷花温泉
846,大良华盖路
847,观海路
848,云潭镇
849,温泉酒店
850,空中玻璃桥
851,寸金动物园
852,"大仁山
大仁山"
853,"尾角灯塔
灯塔"
854,湛江鼎龙湾度假村
855,蔚鶨港
856,旦场村
857,天马山风景区
858,洛溪大桥
859,露天矿好心湖畔，果真如此，风迎面吹来，沁人心底，湖面卷起一层层浪花
860,茂名温德姆至尊酒店
861,烧鹅挡收
862,古堡灯塔
863,教育专场
864,泸溪河
865,爱丽丝音乐餐吧
866,华和国际酒店
867,高州大酒店
868,中山故居公园
869,大理洱海
870,华鼎奖酒店
871,海韵别墅
872,笔架山
873,徐闻港
874,霞山水产批发市场
875,海南岛
876,飞升阁
877,珍珠湾大酒店
878,广东省科普教育基地
879,杏花村
880,沿江南路
881,"跨海大桥
跨海大桥"
882,批发路
883,泉州西街
884,南药药业有限公司
885,马丽电站~
886,救生瞭望塔
887,雄伟家俬
888,水东湾海洋公园
889,东湖冼
890,"茶亭石林
亭台楼阁"
891,茂名火车站
892,天台月光帐篷餐厅
893,"御水古温泉
御水古温泉
私人温泉
御水古温泉
御水古温泉
御水古温泉
"
894,中医院
895,厦门北
896,南方油城
897,"格林设计院
"
898,"琪昌饼
严家祠"
899,闸坡大角湾
900,太夫人故里文化旅游区
901,溪谷人家
902,贡园广场
903,瓮窑鸡店
904,高州省站
905,海丝博物馆
906,围炉海鲜烤肉自助（金港湾店）
907,瀛洲公园
908,人民中路
909,镇至山
910,榕月阁
911,解放东路
912,平云山冼太庙
913,世园会
914,十里银滩
915,大西南
916,温德姆西餐厅
917,也纳酒店
918,"信宜市教育城初中
"
919,茂名石油工业公司
920,唐华商务酒店(茂名高铁火车站店)
921,王邦主庙
922,"雅米游乐园
湿地生态"
923,茂南商业区
924,高凉岭
925,丰年面包店（茂南区店）
926,碧桂园
927,鹅凰嶂
928,上海岛
929,大梅沙
930,住海景湾大酒店
931,原潘州公园
932,放生台
933,咨议局
934,湄洲岛
935,卢浮宫
936,湛江交通运输发展中心
937,苍蝇馆
938,赤坎走寸金公园
939,无界居
940,大洪国皇宫旧址
941,茂名星城湾国际酒店
942,高州冼太庙
943,茅田山庄
944,沙琅江
945,建库历史展馆
946,信宜市区
947,第一海滩
948,百灵庙抗日武装纪念碑
949,中心广场
950,Manderscheid
951,第四十五军
952,明湖商店
953,李济深故居
954,高州中学
955,鹰潭龙虎山
956,响尾蛇峡谷
957,红旗街
958,阳西咸水矿温泉旅游度假
959,大角湾海之冠酒店
960,无边际海景
961,大雾岭
962,去哪网
963,茂名安途四季酒店
964,夏威夷
965,"镇隆古城
"
966,～阳西服务
967,广东君元
968,红旗盐场
969,恒大西边
970,柳州园博园
971,经济学院
972,东港区
973,海滨跨海大桥
974,可可西里国家级自然保护区
975,南极洲
976,高州乐天温泉度假村
977,"7.广东君元沉香山酒业有限公司
公司"
978,高州乐天温泉酒店
979,严家祠
980,南海边陲
981,水东海滨
982,湛江万达楼
983,楞严寺
984,沙扒湾浴场
985,四川建川博物馆聚落
986,宵夜摊
987,御水古温泉｜宝藏度假
988,好莱登商务宾馆(信宜绍秀体育馆店)
989,天目湖
990,电城车站
991,北帝庙
992,高州仙人洞景区
993,黄埔军校及中央训练团将官班
994,新兴禅泉温泉度
995,名信宜教育城店
996,放鸡岛停车场
997,高佬峰
998,童子湾
999,"太阳部落
孵化园"
1000,湖光岩火
1001,美国森耐特服装
1002,云南过桥米线（汇景店）
1003,阳光海滩
1004,驴友联盟
1005,新四军
1006,海洋大学
1007,九曲桥
1008,星悦酒店(茂名文化广场店)
1009,茂名电信二支部
1010,官山一路
1011,广东省医药集团有限公司
1012,布朗站
1013,红树林
1014,河臣村
1015,珠海九洲码头
1016,深山藏古寺
1017,南风雨廊
1018,贤合庄卤味火锅（电白万达店）
1019,岐江河
1020,椒王火锅（高州店）
1021,滨海负离子氧
1022,九树收银台
1023,南海旅游岛
1024,保利集团
1025,天宁寺
1026,木头塘
1027,黎村温泉
1028,汇丰酒店
1029,仙水岩景区
1030,白云山
1031,中国极地研究中心
1032,茂名东火车站
1033,巴厘岛艺术文化主题酒店
1034,"羊角上宾塘，夜访知了书院
知了书院，唯用一好心，女子书法"
1035,茂名温德姆酒店
1036,太阳部落
1037,称从良街
1038,高山龙眼剥壳去核机厂
1039,行者无疆
1040,熊猫酒店
1041,嘉和国际酒店
1042,海洋路
1043,天矿生态公园
1044,沿江路
1045,观音山
1046,大同世界
1047,南海半岛
1048,大雾岭大田顶
1049,阳江汽车总站酒店
1050,文笔塔
1051,扬帆区
1052,好海滩
1053,崖门古炮台
1054,中山纪念堂
1055,温泉度
1056,湖南文和友文化产业发展集团有限公司
1057,电白博贺港
1058,网红打卡桥
1059,哈曼酒店(化州火车站店)
1060,茂名日报社
1061,朗誉酒店
1062,凌霄岩
1063,官渡江东花园
1064,庐山村
1065,油校西餐厅（光遇·油校光华校区店）
1066,东林寺
1067,五公祠
1068,天马山生态旅游区
1069,文和友龙虾馆
1070,岭南园林
1071,北风雨廊
1072,环岛路
1073,三角亭
1074,仙人洞山庄
1075,高铁南站店）
1076,城市便捷酒店(茂名水东万达广场区政府店)
1077,尚义名区牌坊
1078,茂名市体育馆
1079,澳内海
1080,乐天温泉度假
1081,财政局
1082,苏州科技文化艺术中心
1083,鼎龙湾大马戏
1084,水东镇西湖西路
1085,海边别墅
1086,中华第一冼太庙
1087,化州爽爽糖水
1088,大园桥
1089,仙人洞
1090,冼夫人石像
1091,路清华城广场
1092,马尾夕照
1093,革命历史纪念馆
1094,温泉中心大堂
1095,大王岭
1096,禅城区
1097,高州市瀛洲公园
1098,珠三角
1099,海岸国际旅游度假区
1100,晏镜岭山
1101,别林斯高晋站
1102,南海舰队湛江基地
1103,核心区
1104,潘茂名
1105,水东街道
1106,古丁马丽村
1107,玉溪三洞
1108,金沙湾
1109,广福庙
1110,茂名万达广场
1111,"月亮桥
"
1112,茂名街
1113,龙海天沙滩
1114,文和友
1115,葵园村
1116,"君元沉香精油有限公司
公司"
1117,陈列馆
1118,双山岛
1119,万亩红树林景区
1120,虎头山海滨旅游度假区
1121,茂名电信
1122,文化广电旅游体育局
1123,南海一号
1124,湛江海湾大桥
1125,城南车
1126,草原都塔方
1127,市客运中心
1128,三清殿
1129,高州市博物馆
1130,凤凰园
1131,乐活新城售
1132,石斛民宿
1133,茂名开放大学
1134,特呈岛码头
1135,沙扒镇
1136,茂名荔晶大酒店
1137,徐闻港收费站
1138,结合部
1139,龙海天
1140,蛇口港邮轮码头
1141,那晏海石滩
1142,放鸡岛海上度假公园
1143,永久桥
1144,乐天温泉度假村
1145,水东鸭粥
1146,石觉寺
1147,尖岗村委会
1148,茂名市旅游产业商会
1149,盘山公路
1150,乐天集团
1151,温泉区
1152,潘洲公园
1153,油城路
1154,大喇叭
1155,茂名第一滩
1156,湛江赤嘴
1157,同心园农庄
1158,碧桂园月
1159,赤坎大通街
1160,立马组织
1161,水上运动中心
1162,云开畔溪】【山溪小院
1163,塘山岭生态公园
1164,文化城
1165,阳西咸水矿温泉
1166,特里岛
1167,广垦国家热带农业公园
1168,月亮湾碧海蓝天度假邨
1169,大同圩
1170,南国海滨
1171,滨海风情带
1172,南海湾
1173,断裂带
1174,熊猫乐园
1175,漠阳江
1176,五指山
1177,上岛码头
1178,湛高速
1179,县长黄咏台
1180,办公室
1181,南海舰队基地
1182,修船厂
1183,寸金公园
1184,龙湾欢乐世界
1185,云开山脉山峰
1186,贵妃广场
1187,冼太文化公园
1188,海螺广场
1189,凤凰木屋
1190,雷琼世界地质公园博物馆
1191,遗珍区
1192,黔西南州文化广电旅游局
1193,温德姆
1194,硇洲灯塔
1195,高州冼
1196,"广和茶餐厅
繁.花舍"
1197,数渔港公园
1198,凤凰独栋木屋别墅
1199,茂名市体育中心
1200,温泉春浴
1201,开阳江
1202,中山公园
1203,359国道
1204,桥头村
1205,草原郎烤羊
1206,广播电视发射塔
1207,张家港
1208,风车山
1209,和泰沉香公司
1210,高州鉴江民俗菜馆
1211,爱可咖啡馆（茂南店）
1212,钟楼冒险乐园
1213,亮港湾
1214,长坡水库
1215,根子柏桥
1216,大王岭村
1217,湖光园
1218,太故里
1219,心湖环湖路
1220,华美医院
1221,潭头站
1222,观景台
1223,中国同盟会
1224,鉴江两岸
1225,湛江湾
1226,解放街骑楼
1227,→茂德公大观园
1228,油地码头
1229,茂名发布
1230,热水窝温泉
1231,广东省政府林业局
1232,三清大殿
1233,袂花江北岸
1234,包茂高速
1235,君元沉香山
1236,浮山岭生态
1237,北排土场
1238,"温德姆酒店水上乐园
浪漫海岸"
1239,果之度（开发区店）
1240,全国林业科普基地
1241,马蜂窝
1242,南美洲
1243,水产码头
1244,潘茂名纪念公园
1245,电教馆
1246,茂名高速
1247,"御水古温泉
御水古温泉
景区"
1248,太华揽胜
1249,蔡屋面村
1250,龙头山
1251,布佩达斯大饭店
1252,南国大草原
1253,雄伟家居
1254,"孖亭
观湖九曲长廊"
1255,阳春客运站
1256,白粥捞粉
1257,霞山海鲜批发市场
1258,湛江湖光岩
1259,西南部
1260,龙廷槐
1261,鉴江夜景
1262,白蒲市场
1263,凤凰木屋别墅
1264,许愿树
1265,消费者协会
1266,茂名浪漫海岸度假酒店
1267,【凌霄岩风景区
1268,平安保险
1269,茂名华海酒店
1270,八甲水库
1271,硇洲岛
1272,司法所
1273,雷州半岛
1274,瀛食精致料理
1275,山顶千秋
1276,吉达港区
1277,南设得兰群岛
1278,Q加·茂名大喜假日酒店
1279,蔚蓝大海
1280,水东迎宾路
1281,茂名华燕宾馆
1282,肇庆悦城龙母庙
1283,国家科技部
1284,西湖公园
1285,会议中心
1286,茂名报社彩印中心
1287,长隆野生动物世界
1288,挂榜岭
1289,华邑酒店
1290,蝴蝶洲
1291,鲜滋味蛋糕·季念日生日蛋糕（茂南区店）
1292,"茂名雅米游乐园
跷"
1293,高州市冼太广场
1294,南海1号博物馆
1295,"镇隆古城
古城"
1296,露天矿这里的时候看到了路边有停车场的指示
1297,湛江大桥
1298,天后宫
1299,怡心亭
1300,会宗祖
1301,永九桥
1302,海洋王国
1303,星月楼
1304,长颈鹿
1305,马踏城轨约
1306,南极长
1307,长隆酒店
1308,茂港区
1309,宜贵子镇
1310,省政府
1311,英利商务酒店(化州上街路店)
1312,谷源酒业
1313,水东海滨新区
1314,湛江市森林公园
1315,晨光幼儿园
1316,白色拖尾沙滩
1317,绿杨农业股份有限公司
1318,番禺大石
1319,九寨沟
1320,涛声北路鼎龙湾度假区
1321,茂名双
1322,源丰唐茶楼（电白万达广场店）
1323,环岛快艇
1324,渚渔歌
1325,S14高速
1326,高州一中
1327,韬珠宝
1328,"文昌宫
附城"
1329,铁路纪行
1330,同心桥
1331,天后宫妈祖庙
1332,全国野生动物保护科普教育基地
1333,东火车站
1334,覃福庙
1335,中邮手机城
1336,熹龙国际大酒店
1337,水东城区
1338,仙人阁
1339,华盖路步行街
1340,南粤诗社
1341,"五谷渔粉
文明路"
1342,北美洲
1343,大雾岭林场
1344,尼尔森岛
1345,"清晖园
清晖园"
1346,天河大瀑布
1347,iu酒店
1348,沈海高速限速
1349,电白沿海
1350,玉湖码头
1351,竹林绿道
1352,北洛度
1353,谷林主题体验
1354,绿荫路
1355,茂名碧桂园凤凰酒店
1356,"饮水思源
碉楼"
1357,"无界无忧
"
1358,海云台
1359,官渡片区
1360,湖心亭
1361,文章六星孝友千古
1362,名市博物馆
1363,茂名放鸡岛生态旅游国际度假区酒店
1364,八仙庙观
1365,路九曲十八弯
1366,湛江西站
1367,红树林西餐厅
1368,忠良社区党群服务中心
1369,企鹅酒店
1370,劝学公园
1371,茂名露天矿采矿场
1372,"阳江
"
1373,电白麻岗镇
1374,电白沙院
1375,好心湖生态公园
1376,南三联围
1377,兴盛酒业
1378,高州汽车总站
1379,外伶仃岛
1380,一南奥岛
1381,水东东湖公园
1382,"广东君元沉香医疗器械有限公司
"
1383,乐活新城的楼盘停车场
1384,"博贺港
博贺港渔村酒家"
1385,凯里亚德酒店(茂名电白万达广场店)
1386,御古水温泉度假村
1387,迎宾路
1388,论十大关系
1389,火车站
1390,吴川鼎龙湾
1391,珠海大道
1392,香港新悦餐厅
1393,粤龙山风景区
1394,网红朗誉酒店
1395,信宜学宫
1396,欢乐农场
1397,特呈岛温泉度假村
1398,防潮大堤
1399,甘婪水
1400,百越小
1401,东莞可园
1402,渡口码头
1403,艾美组团
1404,广东省龙舟协会
1405,新港区
1406,高品味总店
1407,海皇苑渔邨
1408,渔人码头
1409,"兴记鸭粥店
"
1410,君豪户外露营基地
1411,1959文化创意
1412,健康教育宣传长廊
1413,河表水库
1414,来源湾温泉
1415,网红瀑布
1416,凯里亚德酒店(茂名高铁站店)
1417,高州市第一小学
1418,顶公路
1419,霞山观海长廊
1420,喜来登度假酒店
1421,大象水上乐园
1422,彩印中心
1423,温德姆酒店
1424,广南西路
1425,中央气象台
1426,冼夫人庙
1427,成为粤西地区
1428,费雷站
1429,三五知己沙滩
1430,八仙庙
1431,浙江温州皮革厂
1432,"百越小镇

游船码头"
1433,仙龟潭
1434,国务院国资委
1435,5D玻璃
1436,"观音山
"
1437,电白沙琅
1438,君元药业
1439,林业部
1440,南华广场
1441,国家地质公园
1442,博贺港大酒店
1443,鼎龙湾公寓
1444,第三十二集团军
1445,行政服务中心
1446,南国大草
1447,布吉站
1448,阳江大澳渔村
1449,中医药局
1450,"沁香园艺
红旗街"
1451,滨海新区
1452,南海一
1453,水东开发区
1454,湛江市政府
1455,湛江市海湾大桥
1456,茂名茂南区
1457,大王古庙
1458,永久桥头
1459,茂名万达广场雅斯特国际酒店
1460,小垦丁灯塔
1461,佛开高速
1462,科普馆
1463,十二火
1464,325
1465,鉴江民俗菜馆
1466,广州市工商局
1467,茂名市委市政府
1468,省社会体育中心
1469,博贺湾大桥
1470,教育城大道清华园
1471,桑之宝酒业
1472,茂名市第四中学
1473,浪漫海岸沙滩
1474,江渔儿酸菜鱼（高州店）
1475,海滨浴场
1476,八坊村夜里
1477,天堂湖温泉度假山庄
1478,望海楼
1479,鸳鸯湖
1480,五邑大学
1481,大家乐
1482,暇趣廊
1483,孔昭顺美术馆
1484,鼎龙湾国际度假酒店
1485,沁香盆景
1486,Hello炸鸡（方兴店）
1487,童子湾渔村
1488,人民会堂
1489,民大喜来登酒店
1490,雨公庙
1491,金皇冠
1492,"泡鹿筋
森林公园"
1493,白龙村”卫生站
1494,东海岛
1495,椒王火锅（电白店）
1496,红旗北路
1497,露天矿采矿场
1498,企鹅公寓
1499,美食城外
1500,南海1号
1501,茂名市电视台
1502,茂名政府
1503,大地艺术公园
1504,南海街
1505,中国书法家协会
1506,雪森彭矿务公会
1507,特呈岛度假村
1508,"茂名
温德姆酒店"
1509,富丹尼斯
1510,黄晶果园
1511,圣域坊门
1512,乐活新城售楼部
1513,茂名御水古温泉
1514,尼甘布
1515,✨御水古温泉
1516,龙埚村
1517,罗定长岗坡渡槽
1518,渡琼作战指挥所
1519,苗寨餐厅
1520,清华城广场
1521,功德堂
1522,筑冼夫人庙
1523,一衣口田公司
1524,茂名地区
1525,高州石屏记
1526,黔西南
1527,闸坡商场
1528,霞海路北公交站
1529,4鸿丰猪肚鸡
1530,博物馆
1531,茂名零六六八公寓
1532,金鹿园
1533,中坳风
1534,湛江森林公园
1535,中医药管理局
1536,法兰度航空主题餐厅（东汇城店）
1537,同心公园
1538,鸡冠石
1539,中国第一
1540,国医大师
1541,琼州海峡
1542,维也纳国际酒店(茂名电白店)
1543,铭石楼
1544,大地音乐农庄
1545,油城五路
1546,古老渡街
1547,文笔塔公园
1548,分湖亭
1549,文武帝庙
1550,华和酒家
1551,河西路口
1552,浮山岭
1553,电城山
1554,冼夫人史迹陈列展览馆
1555,"御水古温泉
"
1556,放鸡岛海
1557,湛江梵高星空艺术馆
1558,北极熊
1559,文昌塔
1560,西江温泉度假村
1561,黄杨大道
1562,青山绿水民宿】
1563,广州巴厘岛
1564,海龙阁饼业
1565,茂名市博物馆
1566,冼太营地
1567,信宜古城
1568,广州市政府
1569,功成海尾果
1570,广州南站
1571,温德姆望海餐厅
1572,官渡校区
1573,阳江市区
1574,石花水洞长
1575,大槐网红服务区
1576,俱乐部
1577,鼎湖山
1578,阳江站
1579,博贺港酒店
1580,电白西湖公园
1581,水东忠良街
1582,水东镇大王古庙
1583,放鸡岛海上游乐世界
1584,【湖艳村
1585,大良镇清晖路
1586,新安贵妃”黄皮茶
1587,麦当劳（明湖店）
1588,鹤山镇
1589,化州汇嘉大酒店
1590,广东省体育总会
1591,架海灯塔
1592,河西市场
1593,一线天瀑布
1594,丹霞山国家地质公园
1595,旺禄民宿
1596,上山路
1597,观光圆塔
1598,大湛江
1599,鑫源酒店餐饮部
1600,]霞山渔人码头
1601,大仁山风景区
1602,长城湾
1603,赤坎头
1604,望海阁
1605,广州湾租界地
1606,丹霞山
1607,银信酒家
1608,麗枫酒店(茂名电白万达广场店)
1609,博贺码头
1610,藏龙湾
1611,景湾大酒店
1612,赤坎老街
1613,欢乐水乐园
1614,王志彬
1615,逸雅斋
1616,白梅桥
1617,游船码头
1618,版布达佩斯大饭店
1619,广州陈家祠
1620,高佬獒苑
1621,兰欧酒店(信宜绍秀体育馆店)
1622,天母殿
1623,沙扒湾奇乐摩天轮
1624,壹小馆
1625,台山步行街
1626,馀荫山房
1627,西湖西路
1628,香港新悦茶餐厅
1629,大仁山景区
1630,田头图书馆
1631,可口可乐时光馆
1632,油地公园
1633,敖伦苏木古城
1634,滘尾角灯塔
1635,大通街
1636,玉泉井
1637,海滨长廊
1638,花湖温德姆酒店
1639,巽寮湾
1640,寸金桥
1641,"星空帐篷
帐篷民宿"
1642,鹤地水库风景区
1643,绿海亭
1644,青洲岛
1645,广州大学
1646,龙宫岩
1647,温德姆浪漫海岸
1648,柳江河
1649,化州森思思酒店
1650,珠江口
1651,白荡湖滨
1652,鼎龙湾
1653,东方市海鲜码头
1654,鉴江河
1655,国民党首都卫戍司令部
1656,茂名石化
1657,"罗定长岗坡渡槽
"
1658,海滨二
1659,五山新校舍
1660,顺德火焰醉鹅坊（站北五路店）
1661,南海1号”宋代沉船水下考古工程
1662,"茂名碧桂园凤凰酒店
"
1663,陈罗古庙
1664,德育学校
1665,茂名金皇冠电器公司
1666,蓝月湾温泉
1667,陈氏宗祠
1668,茂名石化乙烯厂
1669,"深圳
广州"
1670,望海厅日出
1671,阳江春都温泉
1672,内陆河
1673,碧桂园凤凰酒店
1674,八一总场
1675,太夫人
1676,岭腰村
1677,电白区博物馆
1678,大赞∙炙烧寿司（万达广场店）
1679,海珠区
1680,鸳鸯湖公园
1681,上城市
1682,云吞店
1683,广东君元药业有限公司
1684,茂名市妇幼保健院
1685,天马山
1686,吴川鼎华湾海岸公寓
1687,地震博物馆
1688,顺德步行街
1689,高州乐天温泉度假
1690,虎头山海滨
1691,"母爱”
公园"
1692,电视塔
1693,深圳墟
1694,虎头山
1695,古郡水城
1696,吕祖殿
1697,新湖公园
1698,林头高速路口
1699,霞山天主教堂
1700,风雨亭桥
1701,友情有意音乐餐厅
1702,农家乐
1703,中央电视台
1704,高佬牛杂
1705,见识官渡公园
1706,乐天大道1号
1707,钱排镇
1708,官渡路
1709,艺术公厕
1710,丰泽园
1711,麒麟瀑布
1712,湛江人民抗法斗争陈列馆
1713,喜头村
1714,国道旧广海北路
1715,莲花山
1716,网红水晶教堂
1717,广东高州师范学校
1718,海景酒店
1719,圣女果园
1720,第一滩
1721,中山亭
1722,必胜客
1723,黑色经典长沙臭豆腐（为民路店）
1724,蓝袍湾
1725,信宜莲花湖温德姆酒店
1726,水东客运站
1727,水东西湖公园
1728,煲珠霸（中山路店）
1729,敖伦苏木
1730,竹林延河
1731,城市便捷酒店(茂名学府店)
1732,信宜市民宗局
1733,鉴江桥
1734,地铁2号线嘉禾望岗－广州南站(
1735,沙滩码头
1736,广垦（茂名）国家热带农业公园
1737,九树农庄
1738,清吧酒廊
1739,邻水东湾大桥
1740,阳西咸水矿温泉度假村
1741,白水瀑布
1742,三亚酒店
1743,同盟会
1744,绿杨蛋鸡场
1745,冼太殿
1746,野生动物救护研究中心
1747,宏福山庄
1748,滨海新区管委会
1749,水口服务区
1750,珠海九洲港
1751,"电白沉香协会
"
1752,中山路
1753,孙中山故居纪念馆
1754,椰子村
1755,秀英港
1756,九曲景桥
1757,梧州西江机场
1758,城市便捷酒店博賀放雞島店】
1759,保利东湾
1760,林头镇
1761,高州路安
1762,长坡旧城
1763,人民广场
1764,沉香文化博物馆
1765,牙象村党建广场
1766,北京人民大会堂广东厅
1767,高州仙人洞风景区
1768,茂香面包坊总店
1769,南国草原
1770,海南摩旅
1771,海上丝绸之路史展厅
1772,水东湾红树林湿地景区
1773,黑沙湾
1774,仙人洞番薯
1775,云开畔溪
1776,九里香农庄
1777,207国道镇隆加油站
1778,石龙庙观音殿
1779,冯氏宗祠
1780,海龟城
1781,植物园动物园儿童乐园
1782,风沙带
1783,周黑鸭（东汇城店）
1784,玉林地区
1785,发展区
1786,"广东君元沉香山食品有限公司
"
1787,咀香楼
1788,庐山东林寺
1789,百灵庙镇
1790,尚客优连锁酒店(茂名高铁火车站店)
1791,"覃福庙
覃福庙"
1792,→粤龙山风景区
1793,高州府
1794,顺政郡君
1795,医科大学
1796,白石镇
1797,北京人民大会堂
1798,市政府
1799,兴记鸭粥店
1800,湛江吴川
1801,湛江西客站
1802,石龙庙
1803,铁骑大队
1804,胡桃里音乐酒馆
1805,竹海滑道
1806,情人桥
1807,崆峒岩风景区
1808,雷琼地质公园
1809,香遇爱
1810,茂湛高速
1811,徒步镇东街
1812,高新区
1813,博贺湾
1814,广湛高速织篢
1815,生态科普湿地
1816,中国第一滩公路
1817,保利花园
1818,行水东湾海洋公园
1819,洗夫人庙
1820,半月岛
1821,"水东湾
水东湾跨海大桥"
1822,小乔紫菜卷（小乔店）
1823,海洋公园酒店
1824,合水镇
1825,民国县署
1826,南海1号一号银滩（十里银滩）
1827,马尾山
1828,鳌头古镇
1829,仙故里超市寺
1830,西湖王占鳌广场
1831,横山庙牌
1832,中共电白支部
1833,菠斯蒂蛋糕
1834,帕拉图西餐酒廊（华侨城店）
1835,研发部
1836,中共高州市古丁镇委员会
1837,盘山路
1838,神仙泉
1839,观海亭
1840,15沈海高速
1841,海上丝绸之路博物馆
1842,雅米兔钟楼冒险乐园
1843,仙人洞村
1844,澄波街
1845,湛江红树林国家级自然保护区
1846,茂名露天矿
1847,海林岛
1848,彩虹瀑
1849,孩子学校
1850,"罗村生态农庄
喜德盛"
1851,早餐店
1852,325国道
1853,电白区
1854,森高赵帅府庙
1855,府前路
1856,开发区
1857,翡翠池
1858,军港码头
1859,高州站
1860,南国公园
1861,滨临水
1862,高州城区
1863,闸坡港
1864,佛光沉香山生态旅游区
1865,[德萨斯水世界
1866,澳内海村
1867,望海温泉
1868,出信宜车站
1869,人民大会堂
1870,鼎龙湾德萨斯水世界
1871,高州仙人洞一日
1872,高州平江大桥
1873,大石桥
1874,七彩滑道
1875,大沙滩
1876,横山庙
1877,德校区
1878,🌊浪漫海岸度假区
1879,广东省民政厅
1880,博贺港码头
1881,玛珥湖
1882,至尊比萨（电城旗舰店）
1883,"浪漫海岸温德姆酒店水上乐园
草坪"
1884,茂名途遇精品酒店
1885,看美团
1886,抗日战争展馆
1887,"茂名站
冼珍"
1888,石根山风景区
1889,海陵岛红树林国家湿地公园
1890,欢乐水世界
1891,咨询台
1892,玉井亭
1893,高山社区
1894,无边际水池
1895,敏捷欢乐黄金海岸
1896,南极南
1897,春苑公园
1898,椰子陈氏宗祠
1899,西餐厅
1900,乌石天成度
1901,护城河
1902,高州图书馆
1903,海上絲綢之路博物館
1904,广东省书法家协会
1905,同心园
1906,东门豆芽粉
1907,水东忠良街东
1908,阳江海陵岛恒大夏威夷御海公寓酒店
1909,"塘坑青山坡
同心公园"
1910,桥梁博物馆
1911,中国建筑集团
1912,中国第一滩
1913,信宜漂流
1914,素水赤嘴
1915,四合院
1916,轻住·悦享酒店
1917,环城路
1918,绍秀体育馆
1919,阳江赤嘴电车路
1920,石秀山
1921,麗枫酒店(茂名高铁站店)
1922,电白海
1923,长岗坡渡
1924,彩虹瀑打卡
1925,横山渡口
1926,县政府
1927,闸坡国家中心渔港
1928,滨海开发
1929,东风市场
1930,网红栈道
1931,"大洪国皇宫旧址
"
1932,茂名雅米游乐园
1933,徐闻港口码头酒店
1934,东明猪杂汤
1935,街道）
1936,大同街
1937,烈士陵园
1938,信宜莲花湖庄园
1939,梦幻水晶教堂
1940,荷兰风车
1941,游客服务部
1942,冰雪游乐园
1943,"二号馆
高山镇，富坡村
九树生态美食农庄"
1944,钱太庙
1945,鉴江平原
1946,茂名港
1947,崖门渡口
1948,电白水东六韬珠宝
1949,沿江一至八号码头
1950,儋州快递
1951,仙湖美食街
1952,放鸡岛码头
1953,赤坎民国风情街
1954,春都温泉
1955,化州糖水店
1956,旺同公园
1957,禾雀花广场
1958,水东红树林栈道
1959,铁帽山
1960,—潭屋村
1961,207国道
1962,山海鱼庄
1963,东南门
1964,嘉禾望岗
1965,果之度（为民店）
1966,拖尾沙滩
1967,好心茂名”
1968,国家海洋公园
1969,市电视台
1970,人民大会堂大厅
1971,希尔顿酒店
1972,君元沉香山中药饮片有限公司
1973,柏桥电商
1974,信宜市康源农业公司
1975,十里银滩国家级海洋公园
1976,田间图书馆
1977,杏福田园
1978,龙眼公园
1979,电白水
1980,珠三角地区
1981,南国植物大观园
1982,工作局
1983,鳌头文武帝庙
1984,广东省省级研学基地
1985,荔枝桥
1986,CAKE情迷黑森林
1987,海陵岛景区
1988,平云山脉
1989,荷花温泉轨迹
1990,成都博物馆
1991,九江大桥
1992,水东港区
1993,红树林湿地公园
1994,幸福大院
1995,阳江大
1996,龙光御海湾
1997,牛仔小
1998,电白区电城山兜
1999,招义山
2000,国民党
2001,深圳湾
2002,"迎宾路
"
2003,南奥岛
2004,高州仙人洞
2005,德明中学
2006,雪兰莪中华总商会
2007,电白城区
2008,梦田山
2009,高州仙人洞自然
2010,牙象稻田公园
2011,东南沿海
2012,茂名浪漫海岸温德姆酒店望海餐厅
2013,龙氏数代龙应时
2014,游九江庐山
2015,玉龙山
2016,"雅米游乐园
传声筒"
2017,113省道
2018,宜大田顶
2019,漳州火山岛
2020,红树林栈道
2021,熹龙酒店
2022,"高州
高州
"
2023,中国国民党
2024,九间品牌体验店
2025,三亚西岛
2026,广东酒店
2027,高美酒店
2028,茂名恒运商务酒店
2029,鸡头奇石
2030,鳌头合岗鸭粥
2031,横琴湾酒店
2032,龙珠河
2033,岛中岛
2034,那达慕会场
2035,山合村
2036,碧海银滩
2037,海东度假村
2038,香港沉香科技国际（集团）有限公司
2039,恒大地产
2040,棒子炸鸡•脆鸡饭（传湾新天地店）
2041,茂名荔枝博物馆
2042,二月时光烘焙坊（华夏世纪花园店）
2043,"凤书院
陇西书院"
2044,地震馆
2045,沉香博物馆
2046,今浮山岭半山腰
2047,三星岛
2048,虎门大桥
2049,茂名火车站广场
2050,信宜文体旅广
2051,"桂林
"
2052,鼎能苑
2053,广州南海神庙
2054,萌宠鹦鹉乐园
2055,广东海洋大学
2056,"卡兴记鸭粥
捞粉
鸭"
2057,布达佩斯大饭店
2058,旅游局
2059,江滨公园
2060,龙虎客栈
2061,第三十七军
2062,黑马俱乐部
2063,空中漂流
2064,雪兰莪广东会馆
2065,霞山海
2066,—金沙湾观海长廊
2067,西樵镇
2068,大黄鸭游船
2069,茂名海豚酒店
2070,信宜朗誉酒店教育城
2071,君元沉香山种植有限公司
2072,玉花小径
2073,城北车站
2074,鼎龙湾国际海洋度假区
2075,森林公园
2076,南极中山站
2077,咸水温泉
2078,御品豆花（宾南路店）
2079,试验区
2080,香港电车线
2081,北洛湾
2082,千岛湖
2083,永州服务站
2084,云岫仙景
2085,观山景区
2086,果·町·果汁·果茶（金港湾店）
2087,博贺渔港
2088,城市客厅
2089,坡仔境主庙
2090,中交天航局
2091,十里长滩
2092,浪漫河
2093,国际大酒店
2094,奥内海
2095,泡脚温泉
2096,三甲镇
2097,黄埔军校
2098,信宜火车站
2099,电白红树林（市级）自然保护区
2100,茂名河西汽车站
2101,"冼夫人
保利花园"
2102,雨公山道院
2103,附郭县
2104,黄华江
2105,中药材
2106,张家界玻璃桥
2107,"茂名碧桂园凤凰酒店
酒店"
2108,东巴厘岛
2109,维也纳酒店
2110,萨克斯水世界
2111,"茂名
博贺港口"
2112,益华大酒店标准
2113,谢鸡镇
2114,航运厅
2115,玉泉寺
2116,茂名市第六中学
2117,方钧明集团
2118,茂名碧海湾酒店
2119,宝光塔
2120,"梅兰竹菊
桥头"
2121,于八一总场
2122,渔港码头
2123,呈望海楼酒店
2124,水上教堂
2125,尊宝比萨（康泰又一城店）
2126,5A景区
2127,官渡街道
2128,阳江服务区
2129,黄金海滩
2130,银记甜品
2131,83省道
2132,仙人洞禾雀广场
2133,中国海军
2134,"黄金粥
"
2135,阳元石
2136,歌美海
2137,高铁南站店
2138,交通银行
2139,红旗街道
2140,中山顺德
2141,巴厘岛
2142,眼镜塘
2143,喜姐炸串（新天地店）
2144,大洪国皇宫
2145,线他湾
2146,浪漫海岸度假区
2147,湛江北大附中旅游研学团
2148,水东港
2149,"知青园
"
2150,优悦西餐厅（维斯顿店）
2151,名森林公园
2152,晏镜岭
2153,罗定江
2154,金沙湾海滩
2155,码头酒店
2156,"先锋岗
红旗南社区"
2157,中国美术馆
2158,田园寨
2159,和泰沉香
2160,得兰群岛
2161,信宜朗誉酒店
2162,"好心公园
"
2163,住御水古温泉度假村
2164,台山赤嘴
2165,飞龙寺
2166,湛江红嘴鸥游船
2167,文明路
2168,"沉香山沉香发展有限公司
"
2169,石头记餐厅
2170,企事业为单位
2171,仙朗君豪星空帐
2172,茂名港港区
2173,中心区
2174,龙阁饼业
2175,中国石油
2176,游客中心
2177,高凉古城
2178,六角亭
2179,露天矿博物馆
2180,鼎龙湾国际度假区
2181,国务院
2182,青州岛
2183,大众点评
2184,业余体校
2185,世界中医药学会联合会骨伤科专业委员会
2186,信宜石根山
2187,茂名水东湾
2188,工业明珠乙烯厂夜景
2189,椰风海岸
2190,天师庙
2191,长岗坡
2192,斜阳西下
2193,茂名人民广场
2194,茂名华景商务酒店
2195,红树林自然保护区
2196,天成度假村
2197,情人岛
2198,民政局
2199,保利银滩浴场
2200,南国第一洞府
2201,小区（行政村）
2202,岭南山
2203,大仁山村
2204,林情人
2205,陈罗巷
2206,鹿嘴山庄
2207,中共中央
2208,"雅米游乐园
植物迷宫"
2209,乐天大道
2210,南皋学舍
2211,闸坡大角湾景区
2212,东方民间艺术之宫
2213,华海酒店(茂名高铁站店)
2214,浮山岭山
2215,恩平恒大温泉酒店
2216,尚客优连锁酒店(信宜银湖路店)
2217,长岗坡纪念馆
2218,碧桂园集团
2219,龙门石窟
2220,博贺港
2221,考拉馆
2222,广州站
2223,珍珠沙滩酒店
2224,珠海大桥
2225,"桥头葱煮饼
桥头村，河臣村"
2226,杨公堤
2227,文光中路
2228,10.3
2229,广东阳江
2230,树林景区
2231,茂名宏悦大酒店
2232,大广坝
2233,横山灵王庙
2234,"观鸟阁
科普宣传栈道"
2235,恒大夏威夷公寓
2236,天马阁餐厅
2237,八仙观
2238,"山盟海誓
沙滩"
2239,八坊广场
2240,"旺同竹林
旺同竹林"
2241,移动别墅，星空帐篷
2242,八角林
2243,旅游岛
2244,"御水古温泉
御水古温泉
御水古温泉"
2245,乐天冰泉
2246,冼夫人文化园
2247,红海湾
2248,吴阳金海岸沙滩
2249,温德姆酒店大堂
2250,茂名水东湾大桥
2251,百灵庙
2252,茂名观海楼假日酒店
2253,怡然之家
2254,龙头山海湾
2255,东南码头
2256,付记·招牌酸菜鱼
2257,高州平云山
2258,万里长城
2259,环湖路
2260,雅居乐乐活新城
2261,太平境
2262,租车中心
2263,阳江闸坡大角湾
2264,报德祠
2265,谢鞋山
2266,旅游质量质监所
2267,高州火车站
2268,林伟龙武馆
2269,石林瀑布
2270,"茂名西站
高州站"
2271,花园别墅
2272,八艺轩
2273,海陵岛国家海洋公园
2274,茂石化港口站
2275,汶川大地震博物馆
2276,茶亭石林古郡水城潘州画院
2277,八路军
2278,海滨二路
2279,玻璃观光栈道
2280,广东海
2281,凤凰酒店
2282,阳江大角湾
2283,电白县
2284,澄宇智库
2285,市教育局
2286,中国南极科考站
2287,南桥南路
2288,中国沉香森林公园
2289,好河山
2290,粮食装卸码头
2291,电城山兜冼夫人墓园
2292,水东镇东阳街
2293,乔治王岛
2294,水榭歌台
2295,南山寺
2296,山坪村委会热水村野外温泉
2297,祖庙建筑群
2298,右联
2299,镇隆古城
2300,佛山高明区
2301,官渡桥
2302,植物迷宫
2303,离闸坡渔港
2304,茂名浪漫海岸温德姆酒店
2305,黑马小筑
2306,地球角落
2307,茂名国际大酒店
2308,茂名卓钰精品酒店
2309,大润发
2310,官渡区
2311,村委会文化室
2312,肯德基
2313,老鼠山
2314,茂名学院
2315,盖尔谢海峡
2316,"李氏宗祠
"
2317,"荔园
高佬獒苑"
2318,苍海公园
2319,赤岭—
2320,中山故居纪念馆
2321,中国电信茂名分公司网络二支部
2322,观锦江
2323,大泉都温泉
2324,金山银山
2325,中国中医科学院
2326,塔斯汀中国汉堡（民主店）
2327,高州明悦宾馆
2328,绿海路
2329,"韦陀菩萨
"
2330,茂名市政府
2331,省体育总会
2332,西部沿海高速
2333,摩天轮
2334,湖畔萌宠乐园
2335,"奇石
山顶"
2336,窦州古城
2337,仙湖驿站
2338,马尾岛
2339,州府县治所
2340,筑海景湾大酒店
2341,云岫庙
2342,水东湾炮台
2343,跨江大桥
2344,世界中医药学会联合会
2345,西南沿海
2346,大车坡村
2347,观海假日酒店
2348,南越王墓纪念馆
2349,御水谷温泉
2350,北部湾
2351,金沙博物馆
2352,漠阳楼
2353,西南面
2354,韶关丹霞山
2355,大王庙门
2356,镇中心小学
2357,碧桂园月亮湾
2358,"木头塘
稻香汉堡"
2359,中央冲浪区
2360,北宋元丰年间
2361,"上海世博永久展览馆
"
2362,幸福店
2363,镇隆墟桥
2364,后进殿堂
2365,虎头山沙滩
2366,柴达木盆地
2367,入火韩国烤肉（华侨城店）
2368,广东省青少年科技教育基地
2369,华海酒店幸福楼
2370,丛林苑酒店
2371,浪漫海岸海鲜城
2372,茂名熹龙国际大酒店
2373,禾雀花广场区
2374,茂名油页岩露天矿
2375,太阳部落大陂生日宴
2376,解放军
2377,海滨浴场区
2378,百草厅
2379,鼎龙集团
2380,万城午餐
2381,水上婚礼教堂
2382,禧荟一城水东鸭粥品
2383,迎宾路示范街
2384,佛山高速雅瑶服务区
2385,小巴厘岛
2386,特呈岛
2387,矿坑公园
2388,黄姚古镇
2389,海陵岛国家级海洋公园
2390,小东江
2391,遇见桃园烤鱼（新福路店）
2392,高佬峰随心所院感触
2393,萌宠乐园
2394,吴川蛤岭第三届
2395,达陈氏宗祠
2396,放雞島碼
2397,水东兴记鸭粥店
2398,冼夫人
2399,阳江沿海
2400,茂名茂南高山九树公寓
2401,土鸡店
2402,"文昌君
雨公庙"
2403,高州茶亭
2404,电白县志
2405,湛江旅行
2406,渔乐码头烤鱼牛蛙晚饭餐厅
2407,七海旋律餐厅
2408,义山水利管理所
2409,海平线
2410,三角圩
2411,御古水温泉度
2412,设得兰群岛
2413,昭顺美术馆
2414,维也纳国际酒店(茂名万达广场店)
2415,襟江亭
2416,天河市区
2417,冼恩湖
2418,马丽电站
2419,月亮湾滨海度
2420,鼎龙湾高尔夫度假村
2421,沙琅江源
2422,水东湾大桥
2423,第一滩观海台
2424,禧荟一城
2425,"湛江公共自行车世贸大厦租赁点
小店"
2426,民国风情街口
2427,菊姐酒楼
2428,茂名玉湖
2429,脚303，不堵车的情况下90分钟
2430,莲花湖庄园
2431,广东厅
2432,浪漫海岸景区
2433,金三角
2434,大角湾景区
2435,谢鲁山庄
2436,省立中山中学
2437,沙滩玩海
2438,樟古小学
2439,美嘉华旅游开发有限公司
2440,"好沙发
"
2441,高州古城
2442,茂名信宜教育城店
2443,湛江公共自行车世贸大厦
2444,双亭桥
2445,榄钱红树林群落
2446,茂名南越印象岭南文化主题酒店火车站店
2447,浪漫海岸广告牌
2448,易成风
2449,中央政府
2450,安踏篮球公园
2451,吴川站
2452,东南亚
2453,卡雅米乐园
2454,茂名汽车站
2455,旺同竹林】
2456,中顾委
2457,赤坎市区
2458,八仙道
2459,信宜段
2460,野菠萝公园
2461,汉宫传承隆江猪脚饭（上排垌店）
2462,螺岗小区
2463,茂名专场
2464,观海长廊
2465,咸水矿温泉
2466,维也纳3好酒店(茂名沿江大厦店)
2467,廉江植物园
2468,茂名君悦商务酒店
2469,大马戏表演
2470,陈维远
2471,中国人民解放军
2472,儋州石花水洞地质公园
2473,观海楼酒店酒店
2474,谢鲁山庄风景名胜区
2475,佛祖潭
2476,南海明珠
2477,梦幻城堡
2478,望海沙浴体验
2479,寸金桥桥
2480,柳州游泳池
2481,广州湾
2482,俄贤岭山脚
2483,清云路
2484,中国荔枝博物馆
2485,浪漫海岸（Romanticcoast）旅游度假区
2486,信宜莲花湖庄园景区
2487,大连美罗集团中药厂有限公司
2488,防波堤
2489,阳春鸡
2490,高大街美术馆
2491,鼎悦公寓套票
2492,浪漫海岸国际旅游度
2493,惠州西湖
2494,海陵岛沙扒湾
2495,"巷口大坡
"
2496,博贺湾大道
2497,电白东湖公园
2498,艳藏龙湾
2499,发改委
2500,稻田公园
2501,博贺弯大桥
2502,"轿子
村庙"
2503,幸福摩天轮
2504,浪漫海岸温德姆酒店
2505,海滨度假区
2506,深茂高铁
2507,游击队
2508,台山市政府大楼
2509,大同荔园
2510,海滨公园游乐场
2511,雅米游乐园
2512,螺岗岭
2513,高州市人民政府
2514,秀峰景区
2515,港澳台地区
2516,开平市潭江半岛酒店
2517,南海区
2518,"豪爵摩托
体育中心"
2519,旭日阁
2520,省龙舟协会
2521,矿好心湖生态公园
2522,阳西月
2523,【法式洋楼
2524,海鸥大饭店
2525,南国热带公园
2526,优之品西点
2527,咏风亭
2528,湛江港
2529,泰沉香
2530,观世音
2531,南海街道
2532,电白麻岗镇热水水库
2533,石门古庙
2534,信步东海岸
2535,水古温泉景区
2536,湛江霞山海滨长廊
2537,得福私房
2538,山兜村
2539,健身沙池
2540,信宜市教育城初中
2541,阳江沙扒湾
2542,湛江基地
2543,开高速
2544,西江温泉
2545,天府广场
2546,湖隐轩
2547,广东省文管会
2548,中国第一滩旅游度假区
2549,赤坎老城
2550,于重镇
2551,石角滩
2552,地中海
2553,茂名威利国际酒店
2554,浪漫海岸国际旅游度假
2555,金沙滩
2556,茂南区法院
2557,阳光海岸
2558,逸和水上音乐会
2559,东湾跨海大桥
2560,阪田油墨厂
2561,维也纳国际酒店(茂名高铁火车站店)
2562,尊霸披萨
2563,天津市中医结合骨科研究所
2564,Day
2565,贝壳餐厅
2566,红旗文冲社区
2567,水谷温泉酒店
2568,江西路
2569,南越美食街
2570,临海酒店
2571,星级服务区
2572,天马阁
2573,龙景灿
2574,中山一间
2575,平云山冼夫人军事总部遗址
2576,"乐园
3"
2577,高州仙人洞自然风景区
2578,深茂铁路
2579,灵日石庙
2580,观海平台
2581,油甘窝村
2582,文化碑廊
2583,广东省政府
2584,麗枫酒店(茂名水东店)
2585,阳光玫瑰生态园
2586,海陵岛客运站
2587,白沙院
2588,科技研究所
2589,牙象大地艺术公园
2590,安泰渔村餐厅
2591,乡味馆
2592,奥林匹克场馆
2593,中华第一
2594,品尚生活
2595,冼太夫人
2596,张飞大酒店
2597,细妹牛杂
2598,湛江市旅游局廉江市旅游局
2599,人民政府接管学校
2600,鼎华湾
2601,浪漫海岸国际旅游度假区
2602,迎宾馆
2603,东门大街
2604,电白车站
2605,华某城集团
2606,信宜市汽车客运站
2607,大钟阁
2608,化州糖水
2609,中国华电集团
2610,信宜站
2611,诗歌殿堂
2612,神州租车
2613,海滨步道
2614,官渡公园
2615,廉江特色景点公园
2616,云开畔溪。
2617,海安港
2618,茂名蓝海洋酒店
2619,闸坡农贸市场
2620,大锦山
2621,广东省文物
2622,海上乐园
2623,水东镇迎宾路
2624,人民大道
2625,高州观山
2626,仙人洞高山农场
2627,吕仙殿
2628,陈罗庙
2629,南风螺
2630,南极村
2631,民信老店
2632,吉兆湾
2633,大唐荔乡
2634,沈海高速
2635,沙琅收费站
2636,太华山
2637,浪漫海岸海鲜
2638,"站南路
"
2639,浪漫國際海岸
2640,服务中心
2641,高凉岭森林公园
2642,高州沿江商务宾馆
2643,宝光塔公园
2644,忠烈祠
2645,新垌镇
2646,三华李之乡
2647,海滨东路
2648,文化室
2649,"地铁
地铁广州南站"
2650,中交公规院
2651,望仙阁
2652,木兰厅
2653,石鼓服务区
2654,三两粉（茂名东汇城店）
2655,净土宗
2656,婚纱摄影灯塔
2657,大雾岭牌坊
2658,海滩观景台
2659,飞天瀑
2660,白水寨
2661,合水中坳风力发电站
2662,网红酒店
2663,海景渔村餐厅
2664,海田温泉]
2665,鲸鲨馆
2666,露天矿公园
2667,广东省委
2668,御水古温泉度
2669,马降龙
2670,宝藏小城
2671,茂名水东港
2672,平云山
2673,网具厂
2674,南国热带花园
2675,高城冼太庙
2676,石根山
2677,红树林观赏栈道
2678,茂名石化公司
2679,马踏站
2680,象鼻山
2681,北京世园会
2682,于珠海
2683,江北老灶·三国义府
2684,维也纳3好酒店
2685,红树林公园
2686,大悲塔
2687,"灶台
"
2688,马尔代夫群岛，
2689,阳茂高速
2690,→浪漫海岸国际旅游度假区
2691,粮食局
2692,浪漫海岸喜来登度假酒店
2693,大悲塔塔
2694,高铁站
2695,健康步道
2696,茂名高铁站
2697,矿生态公园
2698,农民协会南路
2699,明代村
2700,亚热带
2701,高山桥
2702,万千海
2703,广东省社会体育中心
2704,忠良街
2705,高州卡尔顿酒店
2706,广东海上丝绸之路博物馆
2707,水东三角墟
2708,甜在心扉千层蛋糕（茂名店）
2709,茂名电视台
2710,大悲舍利宝塔
2711,广州水上公园
2712,绿湖湾酒店
2713,"杨国福
真彩春苑"
2714,麦克斯维尔湾
2715,滨海旅游公路
2716,杏花驿站
2717,私享沙滩
2718,乔治三世
2719,广东石油化工学院
2720,第七大洲
2721,南海一号大道
2722,龙元任
2723,西营盘
2724,北山港
2725,【凌宵岩风景区
2726,霞山区
2727,国家旅游局
2728,中商情报网
2729,斯诺克
2730,茂名化州丽登酒店
2731,南方山区
2732,县治所
2733,龙湾国际度假酒店
2734,党建广场
2735,福鑫酒店
2736,小洲村
2737,岳丈家
2738,盛香烧鹅（东方市场店）
2739,华海酒楼
2740,新泽西州帕西帕尼
2741,发祥寺
2742,双渚渔歌
2743,防韦帕红旗饭堂开伙饭贺
2744,广东技术师范学院白云校区
2745,鳌头站
2746,螺香汇·柳州螺蛳粉（官渡二路油校店）
2747,蝴蝶谷
2748,浪漫海韵风情吧
2749,鳌头墟镇
2750,罗桂平沙街
2751,西湖公园中心
2752,东海岛东南码头
2753,民兵哨所
2754,大路村站下
2755,广州南
2756,电白国药药业有限公司
2757,温德姆酒店集团
2758,仙朗民宿
2759,肯德基（茂名官渡店）
2760,御水温泉
2761,"龟心园
龟心园"
2762,LINLEE·手打柠檬茶（文创店）
2763,522
2764,圣旨博物馆
2765,老鼠岛
2766,"信宜站
洛湛铁路"
2767,动物园
2768,马尾滩
2769,水东忠良街东街
2770,"水平
海滩"
2771,"南邦塘坑
亲水平台"
2772,去中山路
2773,木头塘村
2774,合丫埒水库
2775,康之乐
2776,茂名站南广场
2777,化州铭丰假日酒店
2778,"高州
第三"
2779,轩尼诗道101-
2780,蛇口客运码头
2781,南极昆仑站
2782,海滨路
2783,水晶教堂
2784,玻璃桥
2785,越百海海鲜蒸锅
2786,龙王宝殿
2787,白衣庵
2788,防城港
2789,上海珠桥
2790,金山中学
2791,工商局
2792,从良街
2793,茂名东诚智能公寓
2794,沙滩海
2795,高州乐天温泉度假区
2796,天后宮
2797,汾洲岛
2798,大同世界高佬庄三木山庄鳄
2799,竞速漂流
2800,职业学校
2801,南海海滩
2802,水东湾区
2803,东湖公园
2804,北京万名扬传媒公司
2805,滨海带状海滨公园
2806,火箭军
2807,中交二航局
2808,那垌湾
2809,灵遇仙境
2810,茂德公古城
2811,浪漫花海
2812,阳元山
2813,鸡公石
2814,"游船码头
"
2815,红树林景区
2816,国际金融中心
2817,观光楼
2818,蓝月湾
2819,罗定长岗坡渡
2820,广东省古村落
2821,石根山景区
2822,国家十二部
2823,古城广场
2824,第三战区三十二、四十三集团军
2825,大栋科技
2826,大洪国
2827,"信宜朗誉酒店
"
2828,包茂高速信宜北出口207国道
2829,光明路
2830,雨顺阁
2831,林头龟心园观
2832,杨记猪杂店
2833,东镇镇教育城大道
2834,水东湾
2835,建设银行
2836,厦门市区
2837,长隆海洋
2838,惠州巽寮湾
2839,中国电信茂名分公司
2840,象水乐园
2841,国大陆
2842,吴阳霞街（林召棠故里
2843,湛江北大附中
2844,广州中学
2845,电白区水东湾
2846,高州市区
2847,好心公园
2848,大地电影院
2849,路思义教堂
2850,粤运汽车运输有限公司
2851,大路村委会椰子村
2852,深圳一间
2853,太极广场
2854,天台夜宴
2855,茂南区
2856,茂名市嘉和国际酒店
2857,花水洞
2858,广东省林业局
2859,"芳名榜
大王庙诗"
2860,八艺书画廊
2861,六路市
2862,钟鼓楼
2863,融创乐园
2864,三角圩菜市场
2865,街头牛排（光华北路店）
2866,蛇口码头
2867,排仔村委会沉香厂区
2868,熊猫餐厅
2869,羊角路口
2870,南广场
2871,BTC
2872,浪漫度假酒店
2873,汪古部古城
2874,下郭冼
2875,水东情人桥
2876,"起凤书院
窦州特色美食"
2877,天河谷景区
2878,游水东湾海洋公园
2879,赤坎区
2880,肥仔鸭粥
2881,坡园石坝地段
2882,"御水古温泉
御水古温泉酒店"
2883,公安局长
2884,电白电城
2885,名御水古温泉度假酒店
2886,茂名名晟宾馆
2887,妈祖庙
2888,茂名市水东湾新城控股集团有限公司
2889,高州曹江
2890,高州乐天温泉度假酒店
2891,忠良社区
2892,茂名金沙商务酒店
2893,水东防潮大堤坝
2894,马尾海滩
2895,属博贺湾大桥
2896,三四线
2897,美国马里兰州贝塞斯达
2898,桥头小院
2899,好心湖
2900,宋皇井
2901,敦李孝式街
2902,亨城酒坊
2903,贝壳广场
2904,茂名文汇酒店
2905,小海湾
2906,冲啊浪人们
2907,白盐头码头
2908,海濱公園
2909,轨道车站
2910,52连锁酒店(化州店)
2911,川味龙虾馆（官山路店）
2912,开通旅行社
2913,茂名龙栖湾旅馆
2914,仙湖山庄
2915,阳西青洲岛
2916,海鲜码头
2917,金碧海景明珠花园1号铺
2918,闸波大角湾
2919,花地湾
2920,→茂德公古
2921,相聚时光（光明店）
2922,晏镜岭景区
2923,旷怡亭
2924,南三岛
2925,文明中路3号供水大楼
2926,茂名一中
2927,南澳岛
2928,海珠桥
2929,真功夫（传湾新天地店）
2930,阳江市海陵岛
2931,电白旧政府大楼
2932,茂名石化港
2933,柏曼酒店(茂名油城七路店)
2934,茂名站
2935,吴川市政府
2936,国际海洋度假区
2937,露天矿生态园
2938,电白晏
2939,摇摆桥
2940,"健身器材区
公园"
2941,茂名国家森林公园
2942,高州一中）分校
2943,中心广场区
2944,"释迦
"
2945,石油化工学院
2946,高州博物馆
2947,放鸡岛生态旅游国际度假区
2948,丽呈朗誉酒店
2949,[沙滩俱乐部
2950,项协会
2951,三元塔
2952,东海岸
2953,浪漫海岸度假酒店
2954,吴川鼎
2955,鼎龙湾的海岸公寓
2956,北海银滩
2957,沿海滩
2958,海水浴场
2959,新福三路10号首层
2960,风雨桥
2961,灵惠寺
2962,泰哥茶档
2963,柏曼酒店(茂名大道东汇城店)
2964,富士山
2965,布达佩斯大
2966,五观堂
2967,中国第一滩一家人公寓
2968,IU酒店(茂名人民南路油城大厦店)
2969,旋转木马啊，奇乐世界
2970,水东海
2971,宋康大
2972,"茂名
汕湛高速"
2973,广东能源化工基地
2974,霞山区海滨大道
2975,"高佬峰
"
2976,河北一间
2977,高凉郡古城
2978,大西南金三角经济区
2979,蓝海岸
2980,大良华盖路步行街
2981,十七门重庆老火锅（电白万达店）
2982,安利同心桥
2983,海滨公园
2984,水晶宫
2985,王府英
2986,广东省森林生态旅游示范基地
2987,游玉溪三洞
2988,无量寿佛
2989,双创示范街
2990,广东沉香山沉香发展有限公司
2991,仙朗避暑山庄餐厅
2992,茂名安踏篮球公园
2993,度假区
2994,凤凰木屋海景别墅
2995,摩玲鸭粥三角圩总店
2996,电白汽车客运站
2997,岭南骑楼
2998,中国经济林协会
2999,粤西驴友联盟
3000,黄金海岸，廖静美术馆
3001,广南医院
3002,阳江闸坡
3003,国民革命军
3004,汉传佛教
3005,"岭南圣母
桃源雅筑"
3006,天台寺
3007,沉香山
3008,高州革命历史纪念馆
3009,观鹭阁
3010,全国传统村落
3011,"
汇丰酒店"
3012,岭南大学
3013,信宜高速
3014,步行街
3015,鳌头古粥
3016,螺岗小镇
3017,龙鱼神龟
3018,浪漫海岸度假
3019,高州仙人洞自然风景旅游区
3020,阳春三甲
3021,茂名探店——最美民宿
3022,茂名新湖公园
3023,信宜汽车总站
3024,冼太夫人故里
3025,炮台社区
3026,婚庆基地
3027,鼎龙湾欢乐海岸
3028,乐天花园酒店
3029,湛江市区
3030,"雅米游乐园
"
3031,南极泰山站
3032,新福三路10号
3033,湛江万达广场
3034,红花村
3035,"茂名
露天矿生态公园"
3036,华宴渔村
3037,仙鹤群标志性雕塑
3038,来源湾
3039,孔子文化城
3040,酒店马戏团
3041,地浪漫海岸
3042,浮渡山
3043,茂名客运中心
3044,白龙村卫生站
3045,济南遥墙
3046,虎头山海滨旅游区
3047,河西路
3048,长隆野生动物园
3049,后花园
3050,茂植亭
3051,食惯嘴
3052,茂名泊愉青年公寓
3053,浪漫海岸
3054,环岛绿道
3055,罗德坡
3056,大象水乐园
3057,绿林食坊
3058,廉江樱花公园
3059,入口广场
3060,商会大厦
3061,科技部
3062,水上拓展俱乐部
3063,水东红树林公园
3064,茂名市区
3065,观山古寺
3066,石花水洞地质公园
3067,宋元海战区
3068,一家亲
3069,广九铁路
3070,包头市博物馆
3071,"茂名雅米游乐园
茂名雅米游乐园
园区"
